<?xml version="1.0" encoding="UTF-8"?>
<beans xmlns="http://www.springframework.org/schema/beans"
    xmlns:mvc="http://www.springframework.org/schema/mvc"
	xmlns:context="http://www.springframework.org/schema/context"
	xmlns:xsi="http://www.w3.org/2001/XMLSchema-instance"
	xsi:schemaLocation="
        http://www.springframework.org/schema/beans
        http://www.springframework.org/schema/beans/spring-beans.xsd
        http://www.springframework.org/schema/mvc
        http://www.springframework.org/schema/mvc/spring-mvc.xsd
        http://www.springframework.org/schema/context
        http://www.springframework.org/schema/context/spring-context.xsd">
 

<context:component-scan base-package="com.javatpoint.controllers"></context:component-scan>

 
<bean class="org.springframework.web.servlet.view.InternalResourceViewResolver">
	<property name="prefix" value="/WEB-INF/jsp/"></property>
	<property name="suffix" value=".jsp"></property>
</bean> 


<!-- 
<bean id="viewResolver1" class="org.springframework.web.servlet.view.ResourceBundleViewResolver">
     <property name="order" value="1"/>
     <property name="basename" value="views"/>
 </bean>
<bean id="viewResolver2"
    class="org.springframework.web.servlet.view.InternalResourceViewResolver">
    <property name="order" value="2"/>
    <property name="prefix" value="/WEB-INF/jsp/" />
    <property name="suffix" value=".jsp" />  
</bean>
-->

<mvc:resources mapping="/resources/**" location="/resources/"/>
<mvc:annotation-driven/> 

<bean id="jt" class="org.springframework.jdbc.core.JdbcTemplate">
<property name="dataSource" ref="ds"></property>
</bean>

<bean id="dao" class="com.javatpoint.dao.EmpDao">
<property name="template" ref="jt"></property>
</bean>

<bean id="ds" class="org.springframework.jdbc.datasource.DriverManagerDataSource">  
	<property name="driverClassName" value="oracle.jdbc.OracleDriver" />  
	<property name="url" value="jdbc:oracle:thin:@localhost:1521/orclpdb" />  
	<property name="username" value="scott" />  
	<property name="password" value="test123" />  
</bean>  

</beans>